t1,T2,T5,T8,T10,t12,T13,T14,T3,T9
1/1996/6874 0 ,"Bisher keine Angaben
AEG-Produktsammlung","Objektmaß LxBxH: 250 x 90 x 70 mm
Masse: 0,22 kg",RZ 2.R 15.F 09.B 04,,,"\\DTMBGW2\MUSEUMPLUS\OBJEKTBILDER\VERKNÜPFT\1996\\1-1996-6874-000-000.jpg
\\dtmbgw2\museumplus\Objektbilder\verknüpft\1996\1-1996-6874-000-001.JPG
\\dtmbgw2\museumplus\Objektbilder\verknüpft\1996\1-1996-6874-000-002.JPG
\\dtmbgw2\museumplus\Objektbilder\v",1940 - 1960,Eisenblech,Depot des DTM
1/1996/6874 01,"Bisher keine Angaben
AEG-Produktsammlung","Objektmaß HxBxT: 15 x 58 x 70 mm (Pilz)
Objektmaß HxBxT: 13 x 52 x 70 mm (Glocke)
Objektmaß HxBxT: 14 x 65 x 67 mm (Stern/Schneeflocke)
Objektmaß HxBxT: 15 x 30 x 67 mm (Halbmond)
Objektmaß HxBxT: 13 x 66 x 70 mm (Herz)
Masse: 0,02 kg gesamt",RZ 2.R 15.F 09.B 04,,,"\\DTMBGW2\MUSEUMPLUS\OBJEKTBILDER\VERKNÜPFT\1996\\1-1996-6874-001-000.jpg
\\dtmbgw2\museumplus\Objektbilder\verknüpft\1996\1-1996-6874-001-001.JPG
\\dtmbgw2\museumplus\Objektbilder\verknüpft\1996\1-1996-6874-001-002.JPG",1940 - 1960,Eisenblech,Depot des DTM
1/1996/6875 0 ,"Bisher keine Angaben
AEG-Produktsammlung","Objektmaß LxBxH: 210 x 80 x 30 mm
Masse: 0,03 kg",RZ 2.R 15.F 09.B 04,,,"\\DTMBGW2\MUSEUMPLUS\OBJEKTBILDER\VERKNÜPFT\1996\\1-1996-6875-000-000.jpg
\\dtmbgw2\museumplus\Objektbilder\verknüpft\1996\1-1996-6875-000-001.JPG
\\dtmbgw2\museumplus\Objektbilder\verknüpft\1996\1-1996-6875-000-002.JPG
\\dtmbgw2\museumplus\Objektbilder\v",1940 - 1960,Metall,Depot des DTM
1/1996/6876 0 ,"Allgemeine Elektricitäts-Gesellschaft AEG AG
AEG-Produktsammlung","Ø Höhe: 120 x 130 mm
Masse: 0,2 kg",RZ 2.R 15.F 12.B 03,,,"\\DTMBGW2\MUSEUMPLUS\OBJEKTBILDER\VERKNÜPFT\1996\\1-1996-6876-000-000.jpg
\\dtmbgw2\museumplus\Objektbilder\verknüpft\1996\1-1996-6876-000-001.JPG
\\dtmbgw2\museumplus\Objektbilder\verknüpft\1996\1-1996-6876-000-002.JPG
\\dtmbgw2\museumplus\Objektbilder\v",ca. 1930,Kunststoff (u.a. Tenacit),Depot des DTM
1/1996/6877 0 ,"Allgemeine Elektricitäts-Gesellschaft AEG AG
AEG-Produktsammlung","Ø Höhe: 95 x 290 mm
Masse: 0,58 kg",RZ 2.R 15.F 09.B 06,,,"\\DTMBGW2\MUSEUMPLUS\OBJEKTBILDER\VERKNÜPFT\1996\\1-1996-6877-000-000.jpg
\\dtmbgw2\museumplus\Objektbilder\verknüpft\1996\1-1996-6877-000-001.JPG
\\dtmbgw2\museumplus\Objektbilder\verknüpft\1996\1-1996-6877-000-002.JPG
\\dtmbgw2\museumplus\Objektbilder\v",um 1950,"Metall, Bakelit, Gummi",Depot des DTM
1/1996/6881 0 ,"Allgemeine Elektricitäts-Gesellschaft AEG AG
AEG-Produktsammlung","Objektmaß LxBxH: 310 x 35 x 200 mm
Masse: 0,16 kg",RZ 2.R 15.F 09.B 04,,,"\\DTMBGW2\MUSEUMPLUS\OBJEKTBILDER\VERKNÜPFT\1996\\1-1996-6881-000-000.jpg
\\dtmbgw2\museumplus\Objektbilder\verknüpft\1996\1-1996-6881-000-001.JPG
\\dtmbgw2\museumplus\Objektbilder\verknüpft\1996\1-1996-6881-000-002.JPG
\\dtmbgw2\museumplus\Objektbilder\v","Herst.-Zeitraum, um 1970",Textilgewebe,Depot des DTM
1/1996/6882 0 ,"Allgemeine Elektricitäts-Gesellschaft AEG AG
AEG-Produktsammlung","Objektmaß HxBxT: 140 x 215 x 160 mm
Masse: 0,56 kg (Gerät mit Deckel)
Ø Höhe: 64 x 85 mm (1 Portionsglas)
Masse: 0,17 kg (1 Portionsglas)",RZ 2.R 15.F 08.B 01,,,"\\dtmbgw2\museumplus\Objektbilder\verknüpft\1996\1-1996-6882-000-001.JPG
\\dtmbgw2\museumplus\Objektbilder\verknüpft\1996\1-1996-6882-000-002.JPG
\\dtmbgw2\museumplus\Objektbilder\verknüpft\1996\1-1996-6882-000-003.JPG
\\dtmbgw2\museumplus\Objektbilder\ve","Herst.-Zeitraum, um 1980","Kunststoff, Metall",Depot des DTM
1/1996/6883 0 ,"AEG-Telefunken AG
AEG-Produktsammlung","Objektmaß LxBxH: 155 x 95 x 205 mm
Masse: 0,98 kg",RZ 2.R 15.F 08.B 03,,,"\\DTMBGW2\MUSEUMPLUS\OBJEKTBILDER\VERKNÜPFT\1996\\1-1996-6883-000-000.jpg
\.
\.
\.
\\dtmbgw2\museumplus\Objektbilder\verknüpft\1996\1-1996-6883-000-001.JPG
\\dtmbgw2\museumplus\Objektbilder\verknüpft\1996\1-1996-6883-000-002.JPG
\\dtmbgw2\museumplus\Objek","Herst.-Zeitraum, 1972 - 1974
Herstellungsjahr, 1973
Herst.-Zeitraum, 1973 - 1974","Kunststoff, Metall",Depot des DTM
1/1996/6884 0 ,"AEG-Telefunken AG
AEG-Produktsammlung","Objektmaß LxBxH: 160 x 95 x 165 mm
Masse: 1,18 kg",RZ 2.R 15.F 08.B 04,,,"\\dtmbgw2\museumplus\Objektbilder\verknüpft\1996\1-1996-6884-000-006.JPG
\\dtmbgw2\museumplus\Objektbilder\verknüpft\1996\1-1996-6884-000-007.JPG
\\dtmbgw2\museumplus\Objektbilder\verknüpft\1996\1-1996-6884-000-008.JPG
\\dtmbgw2\museumplus\Objektbilder\ve","Herst.-Zeitraum, ca. 1963 - 1974
Herst.-Zeitraum, 1972 - 1974
Herstellungsjahr, 1973","Kunststoff, Metall",Depot des DTM
1/1996/6885 0 ,"AEG-Telefunken AG
AEG-Produktsammlung","Ø Höhe: 79 x 160 mm
Masse: 0,54 kg",RZ 2.R 15.F 08.B 03,,,"\.
\\dtmbgw2\museumplus\Objektbilder\verknüpft\1996\1-1996-6885-000-001.JPG
\\dtmbgw2\museumplus\Objektbilder\verknüpft\1996\1-1996-6885-000-002.JPG
\\dtmbgw2\museumplus\Objektbilder\verknüpft\1996\1-1996-6885-000-003.JPG
\\dtmbgw2\museumplus\Objektbilder","Herst.-Zeitraum, 1969 - 1972","Kunststoff, Metall",Depot des DTM
1/1996/6886 0 ,"AEG-Telefunken AG
AEG-Produktsammlung","Ø Höhe: 90 x 160 mm
Masse: 0,58 kg",RZ 2.R 15.F 08.B 03,,,"\\dtmbgw2\museumplus\Objektbilder\verknüpft\1996\1-1996-6886-000-001.JPG
\\dtmbgw2\museumplus\Objektbilder\verknüpft\1996\1-1996-6886-000-002.JPG
\\dtmbgw2\museumplus\Objektbilder\verknüpft\1996\1-1996-6886-000-003.JPG
\\dtmbgw2\museumplus\Objektbilder\ve","Herst.-Zeitraum, 1973 - 1976","Kunststoff, Metall",Depot des DTM
1/1996/6887 0 ,"AEG-Telefunken AG
AEG-Produktsammlung","Objektmaß LxBxH: 100 x 80 x 180 mm
Masse: 0,62 kg",RZ 2.R 15.F 08.B 03,,,"\\dtmbgw2\museumplus\Objektbilder\verknüpft\1996\1-1996-6887-000-001.JPG
\\dtmbgw2\museumplus\Objektbilder\verknüpft\1996\1-1996-6887-000-002.JPG
\\dtmbgw2\museumplus\Objektbilder\verknüpft\1996\1-1996-6887-000-003.JPG
\\dtmbgw2\museumplus\Objektbilder\ve","Herst.-Zeitraum, 1977 - 1979","Kunststoff, Metall",Depot des DTM
1/1996/6888 0 ,"AEG-Telefunken AG
AEG-Produktsammlung","Objektmaß LxBxH: 165 x 100 x 165 mm
Masse: 1,2 kg",RZ 2.R 15.F 08.B 03,,,"\.
\\dtmbgw2\museumplus\Objektbilder\verknüpft\1996\1-1996-6888-000-001.JPG
\\dtmbgw2\museumplus\Objektbilder\verknüpft\1996\1-1996-6888-000-002.JPG
\\dtmbgw2\museumplus\Objektbilder\verknüpft\1996\1-1996-6888-000-003.JPG
\\dtmbgw2\museumplus\Objektbilder","Herst.-Zeitraum, ca. 1963 - 1974
Herstellungsjahr, 1968","Kunststoff, Metall",Depot des DTM
1/1996/6889 0 ,"AEG-Telefunken AG
AEG-Produktsammlung","Objektmaß LxBxH: 160 x 84 x 168 mm
Masse: 0,86 kg",RZ 2.R 15.F 08.B 04,,,"\\dtmbgw2\museumplus\Objektbilder\verknüpft\1996\1-1996-6889-000-001.JPG
\\dtmbgw2\museumplus\Objektbilder\verknüpft\1996\1-1996-6889-000-002.JPG
\\dtmbgw2\museumplus\Objektbilder\verknüpft\1996\1-1996-6889-000-003.JPG
\\dtmbgw2\museumplus\Objektbilder\ve","Herst.-Zeitraum, 1971 - 1974
Herst.-Zeitraum, 1973 - 1974
Herstellungsjahr, 1974","Kunststoff, Metall",Depot des DTM
1/1996/6890 0 ,"Allgemeine Elektricitäts-Gesellschaft AEG AG
AEG-Produktsammlung","Objektmaß LxBxH: 150 x 100 x 165 mm
Masse: 1,18 kg",RZ 2.R 15.F 08.B 03,,"Heiligenstein, Hans. Elektrische Geräte für Haushalt und Gewerbe. Giessen: Pfanneberg, 1964.","\.
\\DTMBGW2\MUSEUMPLUS\OBJEKTBILDER\VERKNÜPFT\1996\\1-1996-6890-000-000.jpg
\\dtmbgw2\museumplus\Objektbilder\verknüpft\1996\1-1996-6890-000-001.JPG
\\dtmbgw2\museumplus\Objektbilder\verknüpft\1996\1-1996-6890-000-002.JPG
\\dtmbgw2\museumplus\Objektbilde","Herstellungsjahr, 1962","Kunststoff, Metall",Depot des DTM
1/1996/6891 0 ,"AEG-Telefunken AG
AEG-Produktsammlung","Objektmaß LxBxH: 160 x 100 x 163 mm
Masse: 1,14 kg",RZ 2.R 15.F 08.B 03,,,"\.
\\DTMBGW2\MUSEUMPLUS\OBJEKTBILDER\VERKNÜPFT\1996\\1-1996-6891-000-000.jpg
\\dtmbgw2\museumplus\Objektbilder\verknüpft\1996\1-1996-6891-000-001.JPG
\\dtmbgw2\museumplus\Objektbilder\verknüpft\1996\1-1996-6891-000-002.JPG
\\dtmbgw2\museumplus\Objektbilde","Herst.-Zeitraum, ca. 1963 - 1974
Herst.-Zeitraum, 1968 - 1970
Herstellungsjahr, 1968","Kunststoff, Metall",Depot des DTM
1/1996/6948 0 ,"AEG-Telefunken AG
AEG-Produktsammlung","Objektmaß LxBxH: 240 x 150 x 290 mm
Masse: 1,7 kg",RZ 2.R 15.F 06.B 05,,,"\\DTMBGW2\MUSEUMPLUS\OBJEKTBILDER\VERKNÜPFT\1996\\1-1996-6948-000-000.jpg
\\dtmbgw2\museumplus\Objektbilder\verknüpft\1996\1-1996-6948-000-001.JPG
\\dtmbgw2\museumplus\Objektbilder\verknüpft\1996\1-1996-6948-000-002.JPG
\\dtmbgw2\museumplus\Objektbilder\v","Herst.-Zeitraum, 1978 - 1979","Kunststoff, Metall, Glas",Depot des DTM
1/1996/6949 0 ,"AEG-Telefunken AG
AEG-Produktsammlung","Objektmaß TxBxH: 110 x 230 x 250 mm
Masse: 1,16 kg",RZ 2.R 15.F 06.B 03,,,"\.
\\DTMBGW2\MUSEUMPLUS\OBJEKTBILDER\VERKNÜPFT\1996\\1-1996-6949-000-000.jpg
\\dtmbgw2\museumplus\Objektbilder\verknüpft\1996\1-1996-6949-000-001.JPG
\\dtmbgw2\museumplus\Objektbilder\verknüpft\1996\1-1996-6949-000-002.JPG
\\dtmbgw2\museumplus\Objektbilde","Herst.-Zeitraum, 1969 - 1974","Kunststoff, Glas, Metall",Depot des DTM
1/1996/6950 0 ,"AEG-Telefunken AG
Schott & Gen. Mainz, Jenaer Glas, Kanne
AEG-Produktsammlung","Objektmaß LxBxH: 230 x 190 x 340 mm
Masse: 1,96 kg",RZ 2.R 15.F 06.B 05,,,"\\DTMBGW2\MUSEUMPLUS\OBJEKTBILDER\VERKNÜPFT\1996\\1-1996-6950-000-000.jpg
\\dtmbgw2\museumplus\Objektbilder\verknüpft\1996\1-1996-6950-000-001.JPG
\\dtmbgw2\museumplus\Objektbilder\verknüpft\1996\1-1996-6950-000-002.JPG
\\dtmbgw2\museumplus\Objektbilder\v","Herst.-Zeitraum, 1980er Jahre","Kunststoff, Glas, Metall",Depot des DTM
1/1996/6951 0 ,"AEG-Telefunken AG
Schott & Gen. Mainz, Jenaer Glas
AEG-Produktsammlung","Objektmaß LxBxH: 270 x 170 x 290 mm
Masse: 2,34 kg",RZ 2.R 15.F 07.B 03,,,"\\DTMBGW2\MUSEUMPLUS\OBJEKTBILDER\VERKNÜPFT\1996\\1-1996-6951-000-000.jpg
\\dtmbgw2\museumplus\Objektbilder\verknüpft\1996\1-1996-6951-000-001.JPG
\\dtmbgw2\museumplus\Objektbilder\verknüpft\1996\1-1996-6951-000-002.JPG
\\dtmbgw2\museumplus\Objektbilder\v","Herst.-Zeitraum, 1974 - 1977","Kunststoff, Glas, Metall",Depot des DTM
1/1996/6952 0 ,"AEG-Telefunken AG
AEG-Produktsammlung
Schott & Gen. Mainz, Jenaer Glas","Objektmaß LxBxH: 310 x 150 x 300 mm
Masse: 3,06 kg",RZ 2.R 15.F 06.B 03,,,"\\dtmbgw2\museumplus\Objektbilder\verknüpft\1996\1-1996-6952-000-001.JPG
\\dtmbgw2\museumplus\Objektbilder\verknüpft\1996\1-1996-6952-000-002.JPG
\\dtmbgw2\museumplus\Objektbilder\verknüpft\1996\1-1996-6952-000-003.JPG
\\dtmbgw2\museumplus\Objektbilder\ve",ca. 1970,"Glas, Kunststoff, Metall",Depot des DTM
1/1996/6953 0 ,"Allgemeine Elektricitäts-Gesellschaft AEG AG
AEG-Produktsammlung","Objektmaß LxBxH: 295 x 120 x 310 mm
Masse: 2,14 kg",RZ 2.R 15.F 07.B 01,,"Heiligenstein, Hans. Elektrische Geräte für Haushalt und Gewerbe. Giessen: Pfanneberg, 1964.","\.
\\dtmbgw2\museumplus\Objektbilder\verknüpft\1996\1-1996-6953-000-001.JPG
\\dtmbgw2\museumplus\Objektbilder\verknüpft\1996\1-1996-6953-000-002.JPG
\\dtmbgw2\museumplus\Objektbilder\verknüpft\1996\1-1996-6953-000-003.JPG
\\dtmbgw2\museumplus\Objektbilder",1966,"Metall, Kunststoff, Glas",Depot des DTM
1/1996/6954 0 ,"Allgemeine Elektricitäts-Gesellschaft AEG AG
AEG-Produktsammlung","Objektmaß LxBxH: 260 x 160 x 420 mm
Masse: 1,88 kg",RZ 2.R 15.F 07.B 06,,,"\\dtmbgw2\museumplus\Objektbilder\verknüpft\1996\1-1996-6954-000-001.JPG
\\dtmbgw2\museumplus\Objektbilder\verknüpft\1996\1-1996-6954-000-002.JPG
\\dtmbgw2\museumplus\Objektbilder\verknüpft\1996\1-1996-6954-000-003.JPG
\\dtmbgw2\museumplus\Objektbilder\ve",1930er Jahre,"Metall (Messing vernickelt, Aluminium), Rohrgeflecht, Holz",Depot des DTM
1/1996/6955 0 ,"AEG-Telefunken AG
AEG-Produktsammlung
Schott & Gen. Mainz, Jenaer Glas","Objektmaß LxBxH: 310 x 150 x 270 mm
Masse: 2,88 kg",RZ 2.R 15.F 07.B 02,,,"\\dtmbgw2\museumplus\Objektbilder\verknüpft\1996\1-1996-6955-000-001.JPG
\\dtmbgw2\museumplus\Objektbilder\verknüpft\1996\1-1996-6955-000-002.JPG
\\dtmbgw2\museumplus\Objektbilder\verknüpft\1996\1-1996-6955-000-003.JPG
\\dtmbgw2\museumplus\Objektbilder\ve",ca. 1976,"Glas, Kunststoff, Metall",Depot des DTM
1/1996/6956 0 ,"Allgemeine Elektricitäts-Gesellschaft AEG AG
AEG-Produktsammlung","Objektmaß LxBxH: 295 x 120 x 315 mm
Masse: 1,88 kg",RZ 2.R 15.F 07.B 01,,"Heiligenstein, Hans. Elektrische Geräte für Haushalt und Gewerbe. Giessen: Pfanneberg, 1964.","\\dtmbgw2\museumplus\Objektbilder\verknüpft\1996\1-1996-6956-000-001.JPG
\\dtmbgw2\museumplus\Objektbilder\verknüpft\1996\1-1996-6956-000-002.JPG
\\dtmbgw2\museumplus\Objektbilder\verknüpft\1996\1-1996-6956-000-003.JPG
\\dtmbgw2\museumplus\Objektbilder\ve",1962 - 1965,"Metall, Kunststoff, Glas",Depot des DTM
1/1996/6957 0 ,"AEG-Telefunken AG
AEG-Produktsammlung
Schott & Gen. Mainz, Jenaer Glas","Objektmaß LxBxH: 310 x 150 x 295 mm
Masse: 3,12 kg",RZ 2.R 15.F 07.B 02,,,"\\dtmbgw2\museumplus\Objektbilder\verknüpft\1996\1-1996-6957-000-001.JPG
\\dtmbgw2\museumplus\Objektbilder\verknüpft\1996\1-1996-6957-000-002.JPG
\\dtmbgw2\museumplus\Objektbilder\verknüpft\1996\1-1996-6957-000-003.JPG
\\dtmbgw2\museumplus\Objektbilder\ve",ca. 1975,"Glas, Kunststoff, Metall",Depot des DTM
1/1996/6958 0 ,"Allgemeine Elektricitäts-Gesellschaft AEG AG
AEG-Produktsammlung
Schott & Gen. Mainz, Jenaer Glas","Objektmaß LxBxH: 180 x 130 x 225 mm
Masse: 0,74 kg",RZ 2.R 15.F 07.B 01,,,"\\DTMBGW2\MUSEUMPLUS\OBJEKTBILDER\VERKNÜPFT\1996\\1-1996-6958-000-000.jpg
\\dtmbgw2\museumplus\Objektbilder\verknüpft\1996\1-1996-6958-000-001.JPG
\\dtmbgw2\museumplus\Objektbilder\verknüpft\1996\1-1996-6958-000-002.JPG
\\dtmbgw2\museumplus\Objektbilder\v",1960er Jahre,"Glas, Kunststoff, Metall",Depot des DTM
1/1996/6959 0 ,"AEG-Telefunken AG
AEG-Produktsammlung","Ø Höhe: 159 x 124 mm
Masse: 0,6 kg",RZ 2.R 15.F 05.B 07,,,"\\dtmbgw2\museumplus\Objektbilder\verknüpft\1996\1-1996-6959-000-001.JPG
\\dtmbgw2\museumplus\Objektbilder\verknüpft\1996\1-1996-6959-000-002.JPG
\\dtmbgw2\museumplus\Objektbilder\verknüpft\1996\1-1996-6959-000-003.JPG
\\dtmbgw2\museumplus\Objektbilder\ve",ca. 1977,"Kunststoff, Metall",Depot des DTM
1/1996/6960 0 ,"AEG-Telefunken AG
AEG-Produktsammlung","Objektmaß LxBxH: 248 x 123 x 106 mm
Masse: 0,7 kg",RZ 2.R 15.F 05.B 07,,,"\\dtmbgw2\museumplus\Objektbilder\verknüpft\1996\1-1996-6960-000-001.JPG
\\dtmbgw2\museumplus\Objektbilder\verknüpft\1996\1-1996-6960-000-002.JPG
\\dtmbgw2\museumplus\Objektbilder\verknüpft\1996\1-1996-6960-000-003.JPG
\\dtmbgw2\museumplus\Objektbilder\ve",ca.1965,"Kunststoff, Metall",Depot des DTM
1/1996/6961 0 ,"AEG-Telefunken AG
AEG-Produktsammlung","Objektmaß LxBxH: 250 x 120 x 105 mm
Masse: 0,76 kg",RZ 2.R 15.F 05.B 07,,,"\\dtmbgw2\museumplus\Objektbilder\verknüpft\1996\1-1996-6961-000-001.JPG
\\dtmbgw2\museumplus\Objektbilder\verknüpft\1996\1-1996-6961-000-002.JPG
\\dtmbgw2\museumplus\Objektbilder\verknüpft\1996\1-1996-6961-000-003.JPG
\\dtmbgw2\museumplus\Objektbilder\ve",1970er Jahre,"Kunststoff, Metall",Depot des DTM
1/1996/6962 0 ,"AEG-Aus- und Weiterbildungszentrum Berlin
AEG-Produktsammlung","Ø Höhe: 135 x 280 mm
Masse: 1,08 kg",RZ 2.R 15.F 06.B 01,,"Castillon, Marc. Das Exponat ""Plätteisen, Eierkocher und Haartrockner der AEG"" im Jüdischen Museum Berlin: Studienarbeit. München: Grin Verlag, 2008. Kelling, Ingeborg. Alles elektrisch: 100 Jahre AEG Hausgeräte : [Ausstellung im Centrum Industriekult","\\dtmbgw2\museumplus\Objektbilder\verknüpft\1996\1-1996-6962-000-007.JPG
\\dtmbgw2\museumplus\Objektbilder\verknüpft\1996\1-1996-6962-000-008.JPG
\.
\\dtmbgw2\museumplus\Objektbilder\verknüpft\1996\1-1996-6962-000-002.JPG
\\dtmbgw2\museumplus\Objektbilder","Herstellungsjahr (Original), 1889
Herstellungsjahr (Nachbau), 1988","Metall, Holz",Depot des DTM
1/1996/6963 0 ,"AEG-Aus- und Weiterbildungszentrum Berlin
AEG-Produktsammlung","Ø Höhe: 135 x 280 mm
Masse: 1,12 kg",RZ 2.R 15.F 06.B 01,,"Castillon, Marc. Das Exponat ""Plätteisen, Eierkocher und Haartrockner der AEG"" im Jüdischen Museum Berlin: Studienarbeit. München: Grin Verlag, 2008. Kelling, Ingeborg. Alles elektrisch: 100 Jahre AEG Hausgeräte : [Ausstellung im Centrum Industriekult","\\dtmbgw2\museumplus\Objektbilder\verknüpft\1996\1-1996-6963-000-002.JPG
\\dtmbgw2\museumplus\Objektbilder\verknüpft\1996\1-1996-6963-000-003.JPG
\\dtmbgw2\museumplus\Objektbilder\verknüpft\1996\1-1996-6963-000-004.JPG
\\dtmbgw2\museumplus\Objektbilder\ve","Herstellungsjahr (Original), 1889
Herstellungsjahr (Nachbau), 1988","Metall, Holz",Depot des DTM
1/2024/0338 1,"Polygram GmbH
KreHtiv Netzwerk Hannover e.V.",Objektmaß HxBxT: 300 x 300 x 20 mm,RZ 5.OG.KTD.SR 07.F 01.B 04.,,,,1992,,
1/2024/0504 1,"Diverse Hersteller
Harald Neundlinger",Ø Höhe: 170 x 3 mm (159 x),Alte Tischlerei,,,"\\dtmbgw2\museumplus\Objektbilder\verknüpft\2024\1-2024-0504-001-000.JPG
\\dtmbgw2\museumplus\Objektbilder\verknüpft\2024\1-2024-0504-001-001.JPG",1975 - 1990,,
1/2024/0504 2,"Rock-Ola Manufacturing Corporation, Chicago (IL), USA, Hersteller: Fort Lock, Chicago (IL)
Harald Neundlinger",,Alte Tischlerei,,,\\dtmbgw2\museumplus\Objektbilder\verknüpft\2024\1-2024-0504-002-000.JPG,1978,,
1/2024/0523 001,"Andreas Kulka
Mestro-Apparatebau","Masse: 3,1 kg
Objektmaß HxBxT: 80 x 255 x 160 mm",RZ 6.KTD.SR 04.F 26.B 04.,,https://www.radiomuseum.org/r/braun_bsk239d_bsk_239_d.html#google_vignette,"\\dtmbgw2\museumplus\Objektbilder\verknüpft\2024\1-2024-0523-001-000.JPG
\\dtmbgw2\museumplus\Objektbilder\verknüpft\2024\1-2024-0523-001-001.JPG
\\dtmbgw2\museumplus\Objektbilder\verknüpft\2024\1-2024-0523-001-002.JPG
\\dtmbgw2\museumplus\Objektbilder\ve",1939 - 1941,,
1/2024/0523 002,"Andreas Kulka
AEG-KWO","Masse: 0,01 kg
Objektmaß HxBxT: 105 x 40 x 30 mm",RZ 6.KTD.SR 04.F 26.B 04.,,https://www.radiomuseum.org/r/braun_bsk239d_bsk_239_d.html#google_vignette,"\\dtmbgw2\museumplus\Objektbilder\verknüpft\2024\1-2024-0523-002-000.JPG
\\dtmbgw2\museumplus\Objektbilder\verknüpft\2024\1-2024-0523-002-001.JPG
\\dtmbgw2\museumplus\Objektbilder\verknüpft\2024\1-2024-0523-002-002.JPG
\\dtmbgw2\museumplus\Objektbilder\ve",1939 - 1941,,
1/2024/0523 003,"Andreas Kulka
Telefunken - Gesellschaft für Drahtlose Telegraphie mbH","Masse: 0,01 kg
Objektmaß HxBxT: 60 x 135 x 55 mm",RZ 6.KTD.SR 04.F 26.B 04.,,https://www.radiomuseum.org/r/braun_bsk239d_bsk_239_d.html#google_vignette,"\\dtmbgw2\museumplus\Objektbilder\verknüpft\2024\1-2024-0523-003-009.JPG
\\dtmbgw2\museumplus\Objektbilder\verknüpft\2024\1-2024-0523-003-000.JPG
\\dtmbgw2\museumplus\Objektbilder\verknüpft\2024\1-2024-0523-003-001.JPG
\\dtmbgw2\museumplus\Objektbilder\ve",1939 - 1941,,
1/2024/0549 0,"Max Braun oHG (Elektrogeräte)
Hans Gugelot
unbekannt","Masse: 11,8 kg
Objektmaß HxBxT: 355 x 540 x 340 mm",RZ 6.KTD.SR 03.F 11.B 02.,,"Quelle: https://www.hansgugelot.com/braun-pk-g-g11/, Stand: 05.07.2024","\\dtmbgw2\museumplus\Objektbilder\verknüpft\2024\1-2024-0549-000-000.JPG
\\dtmbgw2\museumplus\Objektbilder\verknüpft\2024\1-2024-0549-000-001.JPG
\\dtmbgw2\museumplus\Objektbilder\verknüpft\2024\1-2024-0549-000-002.JPG
\\dtmbgw2\museumplus\Objektbilder\ve",1955,,
1/2024/0563 0,"unbekannt
unbekannt","Masse: 1,85 kg
Objektmaß HxBxT: 150 x 240 x 185 mm",RZ 6.KTD.SR 05.F 13.B 09,"Das Tischtelefon W 48 war nach dem W46, welches nicht die Zulassung durch die Deutsche Post erhielt, das zweite deutsche Nachkriegstelefon. Es wurde 1948 für die Deutsche Post in den westlichen Besatzungszonen (ab 1950 Deutsche Bundespost) entwickelt und ",,"\\dtmbgw2\museumplus\Objektbilder\verknüpft\2024\1-2024-0563-000-005.JPG
\\dtmbgw2\museumplus\Objektbilder\verknüpft\2024\1-2024-0563-000-000.JPG
\\dtmbgw2\museumplus\Objektbilder\verknüpft\2024\1-2024-0563-000-001.JPG
\\dtmbgw2\museumplus\Objektbilder\ve",1960er Jahre,,
1/2024/0564 0,"Siemens & Halske AG
unbekannt","Masse: 2,15 kg
Objektmaß HxBxT: 150 x 240 x 185 mm",RZ 6.KTD.SR 05.F 13.B 09,"Das Tischtelefon W 48 war nach dem W46, welches nicht die Zulassung durch die Deutsche Post erhielt, das zweite deutsche Nachkriegstelefon. Es wurde 1948 für die Deutsche Post in den westlichen Besatzungszonen (ab 1950 Deutsche Bundespost) entwickelt und ",,"\\dtmbgw2\museumplus\Objektbilder\verknüpft\2024\1-2024-0564-000-000.JPG
\\dtmbgw2\museumplus\Objektbilder\verknüpft\2024\1-2024-0564-000-001.JPG
\\dtmbgw2\museumplus\Objektbilder\verknüpft\2024\1-2024-0564-000-002.JPG
\\dtmbgw2\museumplus\Objektbilder\ve",1960er Jahre,,
1/2024/0565 0,"unbekannt
unbekannt","Masse: 2,05 kg
Objektmaß HxBxT: 150 x 240 x 185 mm",RZ 6.KTD.SR 05.F 13.B 09,"Das Tischtelefon W 48 war nach dem W46, welches nicht die Zulassung durch die Deutsche Post erhielt, das zweite deutsche Nachkriegstelefon. Es wurde 1948 für die Deutsche Post in den westlichen Besatzungszonen (ab 1950 Deutsche Bundespost) entwickelt und ",,"\\dtmbgw2\museumplus\Objektbilder\verknüpft\2024\1-2024-0565-000-000.JPG
\\dtmbgw2\museumplus\Objektbilder\verknüpft\2024\1-2024-0565-000-001.JPG
\\dtmbgw2\museumplus\Objektbilder\verknüpft\2024\1-2024-0565-000-002.JPG
\\dtmbgw2\museumplus\Objektbilder\ve",1959,,
1/2024/0566 0,"unbekannt
unbekannt","Masse: 1,9 kg
Objektmaß HxBxT: 170 x 240 x 185 mm",RZ 6.KTD.SR 05.F 13.B 09,"Das Tischtelefon W 48 war nach dem W46, welches nicht die Zulassung durch die Deutsche Post erhielt, das zweite deutsche Nachkriegstelefon. Es wurde 1948 für die Deutsche Post in den westlichen Besatzungszonen (ab 1950 Deutsche Bundespost) entwickelt und ",,"\\dtmbgw2\museumplus\Objektbilder\verknüpft\2024\1-2024-0566-000-000.JPG
\\dtmbgw2\museumplus\Objektbilder\verknüpft\2024\1-2024-0566-000-001.JPG
\\dtmbgw2\museumplus\Objektbilder\verknüpft\2024\1-2024-0566-000-002.JPG
\\dtmbgw2\museumplus\Objektbilder\ve",1959,,
1/2024/0579 0,"W.G. Pye & Co. Ltd.
Stroekens Sammlung","Objektmaß HxBxT: 145 x 480 x 385 mm
Masse: 13,3 kg",RZ 4.HR 22.F 00.E 01.PC,,,"\\dtmbgw2\museumplus\Objektbilder\verknüpft\2024\1-2024-0579-000-000.JPG
\\dtmbgw2\museumplus\Objektbilder\verknüpft\2024\1-2024-0579-000-001.JPG
\\dtmbgw2\museumplus\Objektbilder\verknüpft\2024\1-2024-0579-000-002.JPG
\\dtmbgw2\museumplus\Objektbilder\ve",um 1970,,
1/2024/0581 0,"BTS - Broadcasting Television Systems GmbH
Stroekens Sammlung","Objektmaß HxBxT: 185 x 485 x 550 mm
Masse: 19,75 kg",RZ 4.HR 22.F 00.E 01.PC,,,"\\dtmbgw2\museumplus\Objektbilder\verknüpft\2024\1-2024-0581-000-000.JPG
\\dtmbgw2\museumplus\Objektbilder\verknüpft\2024\1-2024-0581-000-001.JPG
\\dtmbgw2\museumplus\Objektbilder\verknüpft\2024\1-2024-0581-000-002.JPG
\\dtmbgw2\museumplus\Objektbilder\ve",um 1990,,
1/2024/0582 0,"BTS - Broadcasting Television Systems GmbH
Stroekens Sammlung","Objektmaß HxBxT: 270 x 480 x 500 mm
Masse: 28,5 kg",RZ 4.HR 22.F 00.E 01.PC,,,"\\dtmbgw2\museumplus\Objektbilder\verknüpft\2024\1-2024-0582-000-000.JPG
\\dtmbgw2\museumplus\Objektbilder\verknüpft\2024\1-2024-0582-000-001.JPG
\\dtmbgw2\museumplus\Objektbilder\verknüpft\2024\1-2024-0582-000-002.JPG
\\dtmbgw2\museumplus\Objektbilder\ve",um 1990,,
1/2024/0582 1,"BTS - Broadcasting Television Systems GmbH
Stroekens Sammlung","Objektmaß HxBxT: 520 x 590 x 560 mm
Masse: 17,1 kg",RZ 4.HR 22.F 00.E 01.PC,,,"\\dtmbgw2\museumplus\Objektbilder\verknüpft\2024\1-2024-0582-001-000.JPG
\\dtmbgw2\museumplus\Objektbilder\verknüpft\2024\1-2024-0582-001-002.JPG
\\dtmbgw2\museumplus\Objektbilder\verknüpft\2024\1-2024-0582-001-003.JPG
\\dtmbgw2\museumplus\Objektbilder\ve",um 1990,,
1/2024/0583 0,"Angénieux S.A.
Stroekens Sammlung","Objektmaß HxBxT: 270 x 260 x 660 mm
Masse: 24,8 kg",RZ 4.HR 22.F 00.E 01.PC,,,"\\dtmbgw2\museumplus\Objektbilder\verknüpft\2024\1-2024-0583-000-000.JPG
\\dtmbgw2\museumplus\Objektbilder\verknüpft\2024\1-2024-0583-000-001.JPG
\\dtmbgw2\museumplus\Objektbilder\verknüpft\2024\1-2024-0583-000-002.JPG
\\dtmbgw2\museumplus\Objektbilder\ve",um 1990,,
1/2024/0583 1,"Angénieux S.A.
Stroekens Sammlung","Objektmaß HxBxT: 90 x 200 x 170 mm
Masse: 1,5 kg",RZ 4.HR 22.F 00.E 01.PC,,,"\\dtmbgw2\museumplus\Objektbilder\verknüpft\2024\1-2024-0583-001-000.JPG
\\dtmbgw2\museumplus\Objektbilder\verknüpft\2024\1-2024-0583-001-001.JPG
\\dtmbgw2\museumplus\Objektbilder\verknüpft\2024\1-2024-0583-001-002.JPG
\\dtmbgw2\museumplus\Objektbilder\ve",um 1990,,
1/2024/0583 2,"Angénieux S.A.
Stroekens Sammlung","Objektmaß HxBxT: 90 x 120 x 590 mm
Masse: 1,95 kg",RZ 4.HR 22.F 00.E 01.PC,,,"\\dtmbgw2\museumplus\Objektbilder\verknüpft\2024\1-2024-0583-002-000.JPG
\\dtmbgw2\museumplus\Objektbilder\verknüpft\2024\1-2024-0583-002-001.JPG
\\dtmbgw2\museumplus\Objektbilder\verknüpft\2024\1-2024-0583-002-002.JPG
\\dtmbgw2\museumplus\Objektbilder\ve",um 1990,,
1/2024/0583 3,"Angénieux S.A.
Stroekens Sammlung","Ø Länge: 30 x 880 mm
Masse: 0,45 kg",RZ 4.HR 22.F 00.E 01.PC,,,"\\dtmbgw2\museumplus\Objektbilder\verknüpft\2024\1-2024-0583-003-003.JPG
\\dtmbgw2\museumplus\Objektbilder\verknüpft\2024\1-2024-0583-003-000.JPG
\\dtmbgw2\museumplus\Objektbilder\verknüpft\2024\1-2024-0583-003-001.JPG
\\dtmbgw2\museumplus\Objektbilder\ve",um 1990,,
1/2024/0583 4,"Angénieux S.A.
Stroekens Sammlung","Objektmaß HxBxT: 375 x 840 x 600 mm
Masse: 16,1 kg",RZ 4.HR 22.F 00.E 01.PC,,,"\\dtmbgw2\museumplus\Objektbilder\verknüpft\2024\1-2024-0583-004-000.JPG
\\dtmbgw2\museumplus\Objektbilder\verknüpft\2024\1-2024-0583-004-001.JPG
\\dtmbgw2\museumplus\Objektbilder\verknüpft\2024\1-2024-0583-004-002.JPG
\\dtmbgw2\museumplus\Objektbilder\ve",um 1990,,
1/2024/0584 0,"BTS - Broadcasting Television Systems GmbH
Stroekens Sammlung","Objektmaß HxBxT: 480 x 300 x 590 mm
Masse: 35 kg",RZ 4.HR 22.F 00.E 01.PC,,,"\\dtmbgw2\museumplus\Objektbilder\verknüpft\2024\1-2024-0584-000-000.JPG
\\dtmbgw2\museumplus\Objektbilder\verknüpft\2024\1-2024-0584-000-001.JPG
\\dtmbgw2\museumplus\Objektbilder\verknüpft\2024\1-2024-0584-000-002.JPG
\\dtmbgw2\museumplus\Objektbilder\ve",um 1990,,
1/2024/0584 1,"BTS - Broadcasting Television Systems GmbH
Stroekens Sammlung","Objektmaß HxBxT: 550 x 650 x 355 mm
Masse: 10,9 kg",RZ 4.HR 22.F 00.E 01.PC,,,"\\dtmbgw2\museumplus\Objektbilder\verknüpft\2024\1-2024-0584-001-005.JPG
\\dtmbgw2\museumplus\Objektbilder\verknüpft\2024\1-2024-0584-001-006.JPG
\\dtmbgw2\museumplus\Objektbilder\verknüpft\2024\1-2024-0584-001-007.JPG
\\dtmbgw2\museumplus\Objektbilder\ve",um 1990,,
1/2024/0584 2,"BTS - Broadcasting Television Systems GmbH
Stroekens Sammlung",Masse: 47 kg,RZ 4.HR 22.F 00.E 01.PB,,,"\\dtmbgw2\museumplus\Objektbilder\verknüpft\2024\1-2024-0584-002-000.JPG
\\dtmbgw2\museumplus\Objektbilder\verknüpft\2024\1-2024-0584-002-001.JPG
\\dtmbgw2\museumplus\Objektbilder\verknüpft\2024\1-2024-0584-002-002.JPG
\\dtmbgw2\museumplus\Objektbilder\ve",um 1990,,
1/2024/0585 0,"Fernseh AG/GmbH (Fese)
Sender Freies Berlin (SFB)","Masse: 3,05 kg
Objektmaß HxBxT: 190 x 120 x 340 mm",RZ 6.KTD SR 06.F 01.B 04,,,"\\dtmbgw2\museumplus\Objektbilder\verknüpft\2024\1-2024-0585-000-000.JPG
\\dtmbgw2\museumplus\Objektbilder\verknüpft\2024\1-2024-0585-000-001.JPG
\\dtmbgw2\museumplus\Objektbilder\verknüpft\2024\1-2024-0585-000-002.JPG
\\dtmbgw2\museumplus\Objektbilder\ve",um 1965,,
1/2024/0586 0,"Fernseh AG/GmbH (Fese)
Sender Freies Berlin (SFB)","Objektmaß HxBxT: 180 x 125 x 345 mm
Masse: 34,5 kg",RZ 6.KTD SR 06.F 01.B 04,,,"\\dtmbgw2\museumplus\Objektbilder\verknüpft\2024\1-2024-0586-000-000.JPG
\\dtmbgw2\museumplus\Objektbilder\verknüpft\2024\1-2024-0586-000-001.JPG
\\dtmbgw2\museumplus\Objektbilder\verknüpft\2024\1-2024-0586-000-002.JPG
\\dtmbgw2\museumplus\Objektbilder\ve",um 1965,,
1/2024/0586 1,"Fernseh AG/GmbH (Fese)
Sender Freies Berlin (SFB)","Masse: 0,3 kg
Ø Länge: 30 x 270 mm",RZ 6.KTD SR 06.F 01.B 04,,,"\\dtmbgw2\museumplus\Objektbilder\verknüpft\2024\1-2024-0586-001-000.JPG
\\dtmbgw2\museumplus\Objektbilder\verknüpft\2024\1-2024-0586-001-001.JPG
\\dtmbgw2\museumplus\Objektbilder\verknüpft\2024\1-2024-0586-001-002.JPG
\\dtmbgw2\museumplus\Objektbilder\ve",um 1965,,
1/2024/0587 0,"Fernseh AG/GmbH (Fese)
Sender Freies Berlin (SFB)","Objektmaß HxBxT: 420 x 280 x 640 mm
Masse: 41,4 kg",RZ 6.KTD.SR 06.F 08.B 01,,,"\\dtmbgw2\museumplus\Objektbilder\verknüpft\2024\1-2024-0587-000-000.JPG
\\dtmbgw2\museumplus\Objektbilder\verknüpft\2024\1-2024-0587-000-011.JPG
\\dtmbgw2\museumplus\Objektbilder\verknüpft\2024\1-2024-0587-000-022.JPG
\\dtmbgw2\museumplus\Objektbilder\ve",um 1960,,
1/2024/0587 1,"Fernseh AG/GmbH (Fese)
Sender Freies Berlin (SFB)","Objektmaß HxBxT: 20 x 110 x 90 mm
Masse: 0,03 kg",RZ 6.KTD SR 06.F 01.B 04,,,"\\dtmbgw2\museumplus\Objektbilder\verknüpft\2024\1-2024-0587-001-000.JPG
\\dtmbgw2\museumplus\Objektbilder\verknüpft\2024\1-2024-0587-001-001.JPG
\\dtmbgw2\museumplus\Objektbilder\verknüpft\2024\1-2024-0587-001-002.JPG
\\dtmbgw2\museumplus\Objektbilder\ve",um 1960,,
1/2024/0588 0,"Fernseh AG/GmbH (Fese)
Sender Freies Berlin (SFB)","Objektmaß HxBxT: 345 x 370 x 500 mm
Masse: 24,9 kg",RZ 6.KTD.SR 06.F 09.B 01,,,"\\dtmbgw2\museumplus\Objektbilder\verknüpft\2024\1-2024-0588-000-000.JPG
\\dtmbgw2\museumplus\Objektbilder\verknüpft\2024\1-2024-0588-000-001.JPG
\\dtmbgw2\museumplus\Objektbilder\verknüpft\2024\1-2024-0588-000-002.JPG
\\dtmbgw2\museumplus\Objektbilder\ve",um 1960,,
1/2024/0588 1,"Fernseh AG/GmbH (Fese)
Sender Freies Berlin (SFB)","Objektmaß HxBxT: 210 x 230 x 345 mm
Masse: 4,4 kg",RZ 6.KTD.SR 06.F 08.B 02,,,,um 1960,,
1/2024/0589 0,"Fernseh AG/GmbH (Fese)
Sender Freies Berlin (SFB)","Masse: 15,15 kg
Objektmaß HxBxT: 295 x 245 x 460 mm",RZ 6.KTD.SR 06.F 01.B 03,,,,um 1965,,
1/2024/0590 0,"Fernseh AG/GmbH (Fese)
Sender Freies Berlin (SFB)","Objektmaß HxBxT: 295 x 245 x 455 mm
Masse: 14,95 kg",RZ 6.KTD.SR 06.F 01.B 03,,,,um 1965,,
1/2024/0591 0,"Fernseh AG/GmbH (Fese)
Sender Freies Berlin (SFB)","Masse: 14,6 kg
Objektmaß HxBxT: 295 x 245 x 455 mm",RZ 6.KTD.SR 06.F 01.B 03,,,,um 1965,,
1/2024/0592 0,"Fernseh AG/GmbH (Fese)
Sender Freies Berlin (SFB)","Objektmaß HxBxT: 450 x 290 x 600 mm
Masse: 46,8 kg",RZ 6.KTD.SR 06.F 01.B 02,,,,um 1958,,
1/2024/0592 1,"Fernseh AG/GmbH (Fese)
Sender Freies Berlin (SFB)","Masse: 1 kg
Objektmaß HxBxT: 55 x 292 x 145 mm",RZ 6.KTD.SR 06.F 01.B 02,,,,um 1960,,
1/2024/0593 0,"Fernseh AG/GmbH (Fese)
Sender Freies Berlin (SFB)","Objektmaß HxBxT: 450 x 304 x 626 mm
Masse: 48,1 kg",RZ 6.KTD.SR 06.F 01.B 02,,,,um 1955,,
1/2024/0595 0,"Fernseh AG/GmbH (Fese)
Sender Freies Berlin (SFB)","Objektmaß HxBxT: 430 x 304 x 618 mm
Masse: 31 kg",RZ 6.KTD.SR 06.F 01.B 02,,,,um 1960,,
1/2024/0596 0,"Fernseh AG/GmbH (Fese)
Hessischer Rundfunk - HR-Fernsehen","Objektmaß HxBxT: 400 x 270 x 553 mm
Masse: 27,45 kg",RZ 6.KTD.SR 06.F 09.B 01,,,,um 1952,,
1/2024/0597 0,"Fernseh AG/GmbH (Fese)
Hessischer Rundfunk - HR-Fernsehen, vermutlich","Objektmaß HxBxT: 410 x 340 x 690 mm
Masse: 41,2 kg",RZ 6.KTD.SR 06.F 09.B 01,,,,um 1955,,
1/2024/0598 0,"Fernseh AG/GmbH (Fese)
Stroekens Sammlung","Objektmaß HxBxT: 940 x 418 x 1147 mm
Masse: 60 kg",RZ 4.HR 22.F 00.E 01.PB,,,,um 1965,,
1/2024/0599 0,"W Vinten Ltd
Stroekens Sammlung","Masse: 160 kg
Ø Höhe: 887 mm",RZ 4.HR 22.F 00.E 02.PA,,,,um 1957,,
1/2024/0600 0,"Arnold & Richter KG / ARRI AG
unbekannt","Objektmaß HxBxT: 440 x 310 x 360 mm
Masse: 8,6 kg",RZ 6.KTD.SR 6.F 02.B 04,,,,um 1960,,
1/2024/0601 0,"Bernhard Deltschaft
Sender Freies Berlin (SFB)","Masse: 10,65 kg
Objektmaß HxBxT: 600 x 325 x 440 mm",RZ 6.KTD.SR 6.F 01.B 06,,,,um 1955,,
1/2024/0602 0,"Fernseh AG/GmbH (Fese)
Sender Freies Berlin (SFB)","Objektmaß HxBxT: 460 x 290 x 595 mm
Masse: 39,2 kg",RZ 6.KTD.SR 06.F 01.B 01,,,,um 1960,,
1/2024/0603 0,"Fernseh AG/GmbH (Fese)
Sender Freies Berlin (SFB)","Objektmaß HxBxT: 600 x 325 x 440 mm
Masse: 42,2 kg",RZ 6.KTD.SR 06.F 01.B 01,,,,um 1960,,
1/2024/0604 0,"Fernseh AG/GmbH (Fese)
Sender Freies Berlin (SFB)","Masse: 27,8 kg
Objektmaß HxBxT: 600 x 325 x 440 mm",RZ 6.KTD.SR 06.F 01.B 01,,,,1960,,
1/2024/0605 0,"Fernseh AG/GmbH (Fese)
Sender Freies Berlin (SFB)","Objektmaß HxBxT: 600 x 325 x 440 mm
Masse: 44,8 kg",RZ 6.KTD.SR 06.F 02.B 01,,,,um 1955,,
1/2024/0606 0,"Bernhard Deltschaft
unbekannt","Masse: 8,25 kg
Objektmaß HxBxT: 490 x 300 x 410 mm",RZ 6.KTD.SR 6.F 02.B 04,,,,um 1955,,
1/2024/0607 0,"Fernseh AG/GmbH (Fese)
Zweites Deutsches Fernsehen (ZDF)
Zweites Deutsches Fernsehen (ZDF)","Objektmaß HxBxT: 140 x 150 x 275 mm
Masse: 2,5 kg",RZ 6.KTD.SR 6.F 01.B 05,,,,um 1965,,
1/2024/0607 1,"Fernseh AG/GmbH (Fese)
Zweites Deutsches Fernsehen (ZDF)","Objektmaß HxBxT: 180 x 500 x 320 mm
Masse: 5,5 kg",RZ 6.KTD.SR 6.F 01.B 05,,,,um 1965,,
1/2024/0607 10,"Fernseh AG/GmbH (Fese)
Zweites Deutsches Fernsehen (ZDF)","Objektmaß HxBxT: 80 x 95 x 290 mm
Masse: 0,9 kg",RZ 6.KTD.SR 6.F 01.B 05,,,,um 1965,,
1/2024/0607 11,"Fernseh AG/GmbH (Fese)
Zweites Deutsches Fernsehen (ZDF)","Ø Länge: 12 x 2400 mm
Masse: 0,35 kg",RZ 6.KTD.SR 6.F 01.B 05,,,,um 1965,,
1/2024/0607 12,"Fernseh AG/GmbH (Fese)
Zweites Deutsches Fernsehen (ZDF)","Masse: 0,25 kg",RZ 6.KTD.SR 6.F 01.B 05,,,,um 1965,,
1/2024/0607 13,"Fernseh AG/GmbH (Fese)
Zweites Deutsches Fernsehen (ZDF)","Masse: 9,2 kg
Objektmaß HxBxT: 180 x 650 x 460 mm",RZ 6.KTD.SR 6.F 01.B 05,,,,um 1960,,
1/2024/0607 2,"Fernseh AG/GmbH (Fese)
Zweites Deutsches Fernsehen (ZDF)","Ø Länge: 60 x 122 mm
Masse: 0,33 kg",RZ 6.KTD.SR 6.F 01.B 05,,,,um 1965,,
1/2024/0607 3,"Fernseh AG/GmbH (Fese)
Zweites Deutsches Fernsehen (ZDF)",,RZ 6.KTD.SR 6.F 01.B 05,,,,um 1965,,
1/2024/0607 4,"Fernseh AG/GmbH (Fese)
Zweites Deutsches Fernsehen (ZDF)","Objektmaß HxBxT: 130 x 250 x 390 mm
Masse: 0,8 kg",RZ 6.KTD.SR 6.F 01.B 05,,,,um 1965,,
1/2024/0607 5,"Fernseh AG/GmbH (Fese)
Zweites Deutsches Fernsehen (ZDF)","Objektmaß HxBxT: 150 x 730 x 490 mm
Masse: 9,6 kg",RZ 6.KTD.SR 6.F 01.B 05,,,,um 1965,,
1/2024/0607 6,"Fernseh AG/GmbH (Fese)
Zweites Deutsches Fernsehen (ZDF)","Objektmaß HxBxT: 105 x 275 x 440 mm
Masse: 5,6 kg",RZ 6.KTD.SR 6.F 01.B 05,,,,um 1965,,
1/2024/0607 7,"Fernseh AG/GmbH (Fese)
Zweites Deutsches Fernsehen (ZDF)","Objektmaß HxBxT: 110 x 95 x 205 mm
Masse: 1,05 kg",RZ 6.KTD.SR 6.F 01.B 05,,,,um 1965,,
1/2024/0607 8,"Fernseh AG/GmbH (Fese)
Zweites Deutsches Fernsehen (ZDF)","Objektmaß HxBxT: 110 x 95 x 205 mm
Masse: 1,05 kg",RZ 6.KTD.SR 6.F 01.B 05,,,,um 1965,,
1/2024/0607 9,"Fernseh AG/GmbH (Fese)
Zweites Deutsches Fernsehen (ZDF)","Masse: 1,05 kg
Objektmaß HxBxT: 110 x 95 x 205 mm",RZ 6.KTD.SR 6.F 01.B 05,,,,um 1965,,
1/2024/0667 0,"ANT Nachrichtentechnik GmbH, vormals AEG-Telefunken Nachrichtentechnik
Hans Dieter Lüke
Exquisit Produktionsbetrieb, ?",Objektmaß LxBxH: 1400 x 80 x 5 mm,RZ 5.OG.KTD.SR 07.F 08.B 02,,,"\\dtmbgw2\museumplus\Objektbilder\verknüpft\2024\1-2024-0667-000-000.JPG
\\dtmbgw2\museumplus\Objektbilder\verknüpft\2024\1-2024-0667-000-001.JPG",um 1990,,
1/2024/0675 0,"Diverse Hersteller
Deutsche Grammophon-Gesellschaft (DGG) Berlin/Hannover","Masse: 1,6 kg
Objektmaß HxBxT: 120 x 280 x 120 mm (Verpackung)",RZ 6.KTD.SR 04.F 41.B 03,,,\\dtmbgw2\museumplus\Objektbilder\verknüpft\2024\1-2024-0675-000-000.JPG,1920 - 1940,,
1/2024/0694 0,"unbekannt
unbekannt","Objektmaß HxBxT: 115 x 300 x 150 mm
Masse: 0,9 kg",RZ 6.KTD.SR 04.F 27.B 03,,,"\\dtmbgw2\museumplus\Objektbilder\verknüpft\2024\1-2024-0694-000-000.JPG
\\dtmbgw2\museumplus\Objektbilder\verknüpft\2024\1-2024-0694-000-001.JPG
\\dtmbgw2\museumplus\Objektbilder\verknüpft\2024\1-2024-0694-000-002.JPG
\\dtmbgw2\museumplus\Objektbilder\ve",um 1928,,
1/2024/0695 0,"unbekannt
unbekannt","Objektmaß HxBxT: 140 x 140 x 70 mm
Masse: 0,6 kg",RZ 6.KTD.SR 04.F 27.B 03,,,"\\dtmbgw2\museumplus\Objektbilder\verknüpft\2024\1-2024-0695-000-000.JPG
\\dtmbgw2\museumplus\Objektbilder\verknüpft\2024\1-2024-0695-000-001.JPG
\\dtmbgw2\museumplus\Objektbilder\verknüpft\2024\1-2024-0695-000-002.JPG
\\dtmbgw2\museumplus\Objektbilder\ve",um 1910,,
1/2024/0697 0,"Hans Schmidt & Co
Entertainment Distribution Company (EDC)
KreHtiv Netzwerk Hannover e.V., Schenker","Objektmaß HxBxT: 240 x 85 x 45 mm
Objektmaß HxBxT: 50 x 270 x 140 mm (Verpackung)
Masse: 0,4 kg",RZ 6.KTD.SR 04.F 27.B 04,,,"\\dtmbgw2\museumplus\Objektbilder\verknüpft\2024\1-2024-0697-000-000.JPG
\\dtmbgw2\museumplus\Objektbilder\verknüpft\2024\1-2024-0697-000-001.JPG
\\dtmbgw2\museumplus\Objektbilder\verknüpft\2024\1-2024-0697-000-002.JPG
\\dtmbgw2\museumplus\Objektbilder\ve",um 1980,,
1/2024/0698 0,"Carl Mahr
Entertainment Distribution Company (EDC)
KreHtiv Netzwerk Hannover e.V., Schenker","Objektmaß HxBxT: 110 x 117 x 110 mm
Masse: 0,9 kg",RZ 6.KTD.SR 04.F 27.B 04,,,"\\dtmbgw2\museumplus\Objektbilder\verknüpft\2024\1-2024-0698-000-000.JPG
\\dtmbgw2\museumplus\Objektbilder\verknüpft\2024\1-2024-0698-000-001.JPG
\\dtmbgw2\museumplus\Objektbilder\verknüpft\2024\1-2024-0698-000-002.JPG
\\dtmbgw2\museumplus\Objektbilder\ve",um 1970,,
1/2024/0699 0,"unbekannt
Entertainment Distribution Company (EDC)
KreHtiv Netzwerk Hannover e.V., Schenker","Objektmaß HxBxT: 30 x 185 x 185 mm (Verpackung)
Masse: 0,3 kg (inkl. Verpackung)
Ø Höhe: 120 x 4 mm",RZ 6.KTD.SR 04.F 27.B 04,,,"\\dtmbgw2\museumplus\Objektbilder\verknüpft\2024\1-2024-0699-000-000.JPG
\\dtmbgw2\museumplus\Objektbilder\verknüpft\2024\1-2024-0699-000-001.JPG
\\dtmbgw2\museumplus\Objektbilder\verknüpft\2024\1-2024-0699-000-002.JPG
\\dtmbgw2\museumplus\Objektbilder\ve",um 1985,,
1/2024/0700 0,"Spindler & Hoyer
Entertainment Distribution Company (EDC)
KreHtiv Netzwerk Hannover e.V., Schenker","Objektmaß HxBxT: 65 x 130 x 235 mm
Masse: 2,6 kg",RZ 6.KTD.SR 04.F 27.B 04,,,"\\dtmbgw2\museumplus\Objektbilder\verknüpft\2024\1-2024-0700-000-006.JPG
\\dtmbgw2\museumplus\Objektbilder\verknüpft\2024\1-2024-0700-000-000.JPG
\\dtmbgw2\museumplus\Objektbilder\verknüpft\2024\1-2024-0700-000-001.JPG
\\dtmbgw2\museumplus\Objektbilder\ve",um 1985,,
1/2024/0701 0,"Entertainment Distribution Company (EDC)
Entertainment Distribution Company (EDC)
KreHtiv Netzwerk Hannover e.V., Schenker","Ø Höhe: 130 x 30 mm
Masse: 0,75 kg",RZ 6.KTD.SR 04.F 27.B 04,,,"\\dtmbgw2\museumplus\Objektbilder\verknüpft\2024\1-2024-0701-000-000.JPG
\\dtmbgw2\museumplus\Objektbilder\verknüpft\2024\1-2024-0701-000-001.JPG",um 1985,,
1/2024/0702 0,"Entertainment Distribution Company (EDC)
Entertainment Distribution Company (EDC)
KreHtiv Netzwerk Hannover e.V., Schenker","Objektmaß HxBxT: 50 x 110 x 110 mm
Masse: 2,9 kg",RZ 6.KTD.SR 04.F 27.B 04,,,"\\dtmbgw2\museumplus\Objektbilder\verknüpft\2024\1-2024-0702-000-000.JPG
\\dtmbgw2\museumplus\Objektbilder\verknüpft\2024\1-2024-0702-000-001.JPG
\\dtmbgw2\museumplus\Objektbilder\verknüpft\2024\1-2024-0702-000-002.JPG
\\dtmbgw2\museumplus\Objektbilder\ve",um 1985,,
1/2024/0703 0,"unbekannt
Entertainment Distribution Company (EDC)
KreHtiv Netzwerk Hannover e.V., Schenker","Ø Länge: 18 x 125 mm
Masse: 0,2 kg (mit Halter)
Objektmaß HxBxT: 30 x 150 x 42 mm (Halter)",RZ 6.KTD.SR 04.F 27.B 04,,,"\\dtmbgw2\museumplus\Objektbilder\verknüpft\2024\1-2024-0703-000-000.JPG
\\dtmbgw2\museumplus\Objektbilder\verknüpft\2024\1-2024-0703-000-001.JPG
\\dtmbgw2\museumplus\Objektbilder\verknüpft\2024\1-2024-0703-000-002.JPG
\\dtmbgw2\museumplus\Objektbilder\ve",um 1985,,
1/2024/0704 0,"Polydor (Plattenlabel)
Entertainment Distribution Company (EDC)
KreHtiv Netzwerk Hannover e.V., Schenker","Objektmaß LxBxH: 170 x 20 x 30 mm
Masse: 0,1 kg",RZ 6.KTD.SR 04.F 27.B 04,,,"\\dtmbgw2\museumplus\Objektbilder\verknüpft\2024\1-2024-0704-000-000.JPG
\\dtmbgw2\museumplus\Objektbilder\verknüpft\2024\1-2024-0704-000-001.JPG
\\dtmbgw2\museumplus\Objektbilder\verknüpft\2024\1-2024-0704-000-002.JPG
\\dtmbgw2\museumplus\Objektbilder\ve",um 1985,,
1/2024/0705 0,"Polydor (Plattenlabel)
Entertainment Distribution Company (EDC)
KreHtiv Netzwerk Hannover e.V., Schenker","Ø Höhe: ca. 100 x 25 mm (3 Stück)
Masse: 0,55 kg (Gesamtgewicht)",RZ 6.KTD.SR 04.F 27.B 04,,,"\\dtmbgw2\museumplus\Objektbilder\verknüpft\2024\1-2024-0705-000-000.JPG
\\dtmbgw2\museumplus\Objektbilder\verknüpft\2024\1-2024-0705-000-001.JPG",um 1985,,
1/2024/0732 0,"Siemens & Halske AG
unbekannt","Masse: 1,25 kg
Objektmaß HxBxT: 140 x 130 x 220 mm",RZ 6.KTD.SR 05.F 13.B 09,,,"\\dtmbgw2\museumplus\Objektbilder\verknüpft\2024\1-2024-0732-000-000.JPG
\\dtmbgw2\museumplus\Objektbilder\verknüpft\2024\1-2024-0732-000-001.JPG
\\dtmbgw2\museumplus\Objektbilder\verknüpft\2024\1-2024-0732-000-002.JPG
\\dtmbgw2\museumplus\Objektbilder\ve",1950er Jahre,,
1/2024/0733 0,"Siemens & Halske AG
unbekannt","Masse: 1,2 kg
Objektmaß HxBxT: 130 x 140 x 230 mm",RZ 6.KTD.SR 05.F 13.B 09,,,"\\dtmbgw2\museumplus\Objektbilder\verknüpft\2024\1-2024-0733-000-005.JPG
\\dtmbgw2\museumplus\Objektbilder\verknüpft\2024\1-2024-0733-000-000.JPG
\\dtmbgw2\museumplus\Objektbilder\verknüpft\2024\1-2024-0733-000-001.JPG
\\dtmbgw2\museumplus\Objektbilder\ve",1950er Jahre,,
1/2024/0734 0,"Siemens & Halske AG
unbekannt","Masse: 1,25 kg
Objektmaß HxBxT: 140 x 140 x 220 mm",RZ 6.KTD.SR 05.F 13.B 09,,,"\\dtmbgw2\museumplus\Objektbilder\verknüpft\2024\1-2024-0734-000-000.JPG
\\dtmbgw2\museumplus\Objektbilder\verknüpft\2024\1-2024-0734-000-001.JPG
\\dtmbgw2\museumplus\Objektbilder\verknüpft\2024\1-2024-0734-000-002.JPG
\\dtmbgw2\museumplus\Objektbilder\ve",1950er Jahre,,
1/2024/0735 0,unbekannt,"Masse: 0,65 kg
Objektmaß HxBxT: 110 x 100 x 230 mm",RZ 6.KTD.SR 05.F 13.B 09,,,"\\dtmbgw2\museumplus\Objektbilder\verknüpft\2024\1-2024-0735-000-000.JPG
\\dtmbgw2\museumplus\Objektbilder\verknüpft\2024\1-2024-0735-000-001.JPG
\\dtmbgw2\museumplus\Objektbilder\verknüpft\2024\1-2024-0735-000-002.JPG
\\dtmbgw2\museumplus\Objektbilder\ve",1960er Jahre,,
1/2024/0736 0,unbekannt,"Masse: 1,8 kg
Objektmaß HxBxT: 160 x 240 x 150 mm",RZ 6.KTD.SR 05.F 13.B 09,,,"\\dtmbgw2\museumplus\Objektbilder\verknüpft\2024\1-2024-0736-000-000.JPG
\\dtmbgw2\museumplus\Objektbilder\verknüpft\2024\1-2024-0736-000-001.JPG
\\dtmbgw2\museumplus\Objektbilder\verknüpft\2024\1-2024-0736-000-002.JPG
\\dtmbgw2\museumplus\Objektbilder\ve",1930er Jahre,,
1/2024/0737 0,unbekannt,"Masse: 1,7 kg
Objektmaß HxBxT: 135 x 110 x 60 mm",RZ 6.KTD.SR 05.F 14.B 04,,,"\\dtmbgw2\museumplus\Objektbilder\verknüpft\2024\1-2024-0737-000-000.JPG
\\dtmbgw2\museumplus\Objektbilder\verknüpft\2024\1-2024-0737-000-001.JPG
\\dtmbgw2\museumplus\Objektbilder\verknüpft\2024\1-2024-0737-000-002.JPG
\\dtmbgw2\museumplus\Objektbilder\ve",1970er Jahre,,
1/2024/0738 0,"Standard Elektric Lorenz AG (SEL)
unbekannt","Masse: 2 kg
Objektmaß HxBxT: 60 x 90 x 70 mm",kleiner Aufnahmeraum,,,"\\dtmbgw2\museumplus\Objektbilder\verknüpft\2024\1-2024-0738-000-000.JPG
\\dtmbgw2\museumplus\Objektbilder\verknüpft\2024\1-2024-0738-000-001.JPG
\\dtmbgw2\museumplus\Objektbilder\verknüpft\2024\1-2024-0738-000-002.JPG
\\dtmbgw2\museumplus\Objektbilder\ve",1970er Jahre,,
1/2024/0740 0,"Telefonbau & Normalzeit GmbH (TN, T&N)
Hotel Norddeutscher Hof (später Hotel Arco)","Objektmaß HxBxT: 795 x 760 x 520 mm
Masse: 71 kg",RZ 4.HR 03.F 01.E 02.PB,,,"\\dtmbgw2\museumplus\Objektbilder\verknüpft\2024\1-2024-0740-000-000.JPG
\\dtmbgw2\museumplus\Objektbilder\verknüpft\2024\1-2024-0740-000-001.JPG
\\dtmbgw2\museumplus\Objektbilder\verknüpft\2024\1-2024-0740-000-002.JPG
\\dtmbgw2\museumplus\Objektbilder\ve",1960er Jahre,,
1/2024/0745 0,"Deutsche Grammophon-Gesellschaft (DGG) Berlin/Hannover
Entertainment Distribution Company (EDC), Insolvenz 2016
KreHtiv Netzwerk Hannover e.V.","Objektmaß HxBxT: 155 x 133 x 500 mm
Masse: 8,3 kg",RZ 5.OG.KTD.SR 07.F 01.B 04.,,,"\\dtmbgw2\museumplus\Objektbilder\verknüpft\2024\1-2024-0745-000-000.JPG
\\dtmbgw2\museumplus\Objektbilder\verknüpft\2024\1-2024-0745-000-001.JPG
\\dtmbgw2\museumplus\Objektbilder\verknüpft\2024\1-2024-0745-000-002.JPG
\\dtmbgw2\museumplus\Objektbilder\ve",um 1985,,
1/2024/0748 0,"Philips - Koninklijke Philips N. V.
Dieter Stroekens","Objektmaß HxBxT: 90 x 480 x 610 mm
Masse: 10,5 kg",RZ 5.OG.KTD.SR 07.F 01.B 04.,,,"\\dtmbgw2\museumplus\Objektbilder\verknüpft\2024\1-2024-0748-000-000.JPG
\\dtmbgw2\museumplus\Objektbilder\verknüpft\2024\1-2024-0748-000-001.JPG
\\dtmbgw2\museumplus\Objektbilder\verknüpft\2024\1-2024-0748-000-002.JPG
\\dtmbgw2\museumplus\Objektbilder\ve",um 2000,,
1/2024/0748 1,"BTS - Broadcasting Television Systems GmbH
Stroekens Sammlung","Objektmaß HxBxT: 445 x 480 x 720 mm
Masse: 105 kg",RZ 4.HR 21.F 00.E 02.PA,,,"\\dtmbgw2\museumplus\Objektbilder\verknüpft\2024\1-2024-0748-001-000.JPG
\\dtmbgw2\museumplus\Objektbilder\verknüpft\2024\1-2024-0748-001-001.JPG
\\dtmbgw2\museumplus\Objektbilder\verknüpft\2024\1-2024-0748-001-002.JPG
\\dtmbgw2\museumplus\Objektbilder\ve",um 2000,,
1/2024/0749 0,"Philips - Koninklijke Philips N. V.
Dieter Stroekens","Objektmaß HxBxT: 45 x 480 x 400 mm
Masse: 4,4 kg",RZ 5.OG.KTD.SR 07.F 02.B 04.,,,"\\dtmbgw2\museumplus\Objektbilder\verknüpft\2024\1-2024-0749-000-000.JPG
\\dtmbgw2\museumplus\Objektbilder\verknüpft\2024\1-2024-0749-000-001.JPG
\\dtmbgw2\museumplus\Objektbilder\verknüpft\2024\1-2024-0749-000-002.JPG
\\dtmbgw2\museumplus\Objektbilder\ve",um 1995,,
1/2024/0752 0,"BTS - Broadcasting Television Systems GmbH
Dieter Stroekens","Objektmaß HxBxT: 44 x 480 x 405 mm
Masse: 4,3 kg",RZ 5.OG.KTD.SR 07.F 02.B 04.,,,"\\dtmbgw2\museumplus\Objektbilder\verknüpft\2024\1-2024-0752-000-002.JPG
\\dtmbgw2\museumplus\Objektbilder\verknüpft\2024\1-2024-0752-000-003.JPG
\\dtmbgw2\museumplus\Objektbilder\verknüpft\2024\1-2024-0752-000-004.JPG
\\dtmbgw2\museumplus\Objektbilder\ve",um 1995,,
1/2024/0754 0,"BTS - Broadcasting Television Systems GmbH
Dieter Stroekens","Objektmaß HxBxT: 90 x 485 x 280 mm
Masse: 4,3 kg",RZ 5.OG.KTD.SR 07.F 02.B 04.,,,"\\dtmbgw2\museumplus\Objektbilder\verknüpft\2024\1-2024-0754-000-000.JPG
\\dtmbgw2\museumplus\Objektbilder\verknüpft\2024\1-2024-0754-000-001.JPG
\\dtmbgw2\museumplus\Objektbilder\verknüpft\2024\1-2024-0754-000-002.JPG
\\dtmbgw2\museumplus\Objektbilder\ve",um 1995,,
1/2024/0755 0,"BTS - Broadcasting Television Systems GmbH
Dieter Stroekens","Objektmaß HxBxT: 90 x 485 x 180 mm
Masse: 2 kg",RZ 5.OG.KTD.SR 07.F 02.B 04.,,,"\\dtmbgw2\museumplus\Objektbilder\verknüpft\2024\1-2024-0755-000-000.JPG
\\dtmbgw2\museumplus\Objektbilder\verknüpft\2024\1-2024-0755-000-001.JPG
\\dtmbgw2\museumplus\Objektbilder\verknüpft\2024\1-2024-0755-000-002.JPG
\\dtmbgw2\museumplus\Objektbilder\ve",um 1995,,
1/2024/0759 0,"BTS - Broadcasting Television Systems GmbH
Zweites Deutsches Fernsehen (ZDF)
Dieter Stroekens","Objektmaß HxBxT: 45 x 480 x 45 mm
Masse: 0,6 kg",RZ 5.OG.KTD.SR 07.F 01.B 04.,,,"\\dtmbgw2\museumplus\Objektbilder\verknüpft\2024\1-2024-0759-000-000.JPG
\\dtmbgw2\museumplus\Objektbilder\verknüpft\2024\1-2024-0759-000-001.JPG
\\dtmbgw2\museumplus\Objektbilder\verknüpft\2024\1-2024-0759-000-002.JPG
\\dtmbgw2\museumplus\Objektbilder\ve",um 1995,,
1/2024/0760 0,"BTS - Broadcasting Television Systems GmbH
Dieter Stroekens","Objektmaß HxBxT: 45 x 480 x 60 mm
Masse: 0,8 kg",RZ 5.OG.KTD.SR 07.F 01.B 04.,,,"\\dtmbgw2\museumplus\Objektbilder\verknüpft\2024\1-2024-0760-000-000.JPG
\\dtmbgw2\museumplus\Objektbilder\verknüpft\2024\1-2024-0760-000-001.JPG
\\dtmbgw2\museumplus\Objektbilder\verknüpft\2024\1-2024-0760-000-002.JPG
\\dtmbgw2\museumplus\Objektbilder\ve",um 1995,,
1/2024/0761 0,"BTS - Broadcasting Television Systems GmbH
Dieter Stroekens","Objektmaß HxBxT: 45 x 480 x 45 mm
Masse: 0,4 kg",RZ 5.OG.KTD.SR 07.F 01.B 04.,,,"\\dtmbgw2\museumplus\Objektbilder\verknüpft\2024\1-2024-0761-000-000.JPG
\\dtmbgw2\museumplus\Objektbilder\verknüpft\2024\1-2024-0761-000-001.JPG
\\dtmbgw2\museumplus\Objektbilder\verknüpft\2024\1-2024-0761-000-002.JPG
\\dtmbgw2\museumplus\Objektbilder\ve",um 1995,,
1/2024/0762 0,"BTS - Broadcasting Television Systems GmbH
Dieter Stroekens","Objektmaß HxBxT: 45 x 480 x 45 mm
Masse: 0,4 kg",RZ 5.OG.KTD.SR 07.F 01.B 04.,,,"\\dtmbgw2\museumplus\Objektbilder\verknüpft\2024\1-2024-0762-000-000.JPG
\\dtmbgw2\museumplus\Objektbilder\verknüpft\2024\1-2024-0762-000-001.JPG
\\dtmbgw2\museumplus\Objektbilder\verknüpft\2024\1-2024-0762-000-002.JPG
\\dtmbgw2\museumplus\Objektbilder\ve",um 1995,,
1/2024/0768 0,"Medion AG, Essen
Wolfgang Dommer
Bundesnetzagentur (BNetzA), Stillegungsbescheid 2013",Objektmaß HxBxT: 60 x 205 x 170 mm,RZ 5.OG.KTD.SR 09.F 26.B 03,,siehe e-Akte,\\dtmbgw2\museumplus\Objektbilder\verknüpft\2024\1-2024-0768-000-000.JPG,um 2000,,
1/2024/0769 0,"unbekannt
Wolfgang Dommer",Objektmaß HxBxT: 95 x 75 x 75 mm,RZ 5.OG.KTD.SR 09.F 26.B 03,,,\\dtmbgw2\museumplus\Objektbilder\verknüpft\2024\1-2024-0769-000-000.JPG,um 2000,,
1/2024/0770 0,"unbekannt
Wolfgang Dommer",Objektmaß HxBxT: 55 x 65 x 85 mm,RZ 5.OG.KTD.SR 09.F 26.B 03,,,\\dtmbgw2\museumplus\Objektbilder\verknüpft\2024\1-2024-0770-000-000.JPG,um 2000,,
1/2024/0771 0,"Apple Computer Inc., Cupertino, California
Stefanie Lüke",Objektmaß HxBxT: 115 x 60 x 10 mm,Altbau Büro Lüke (333),,https://de.wikipedia.org/wiki/IPhone_4s,,2013,,
1/2024/0795 0,"Fernseh AG/GmbH (Fese)
unbekannt","Objektmaß HxBxT: 320 x 210 x 530 mm (ohne Objektiv)
Masse: 16,9 kg",RZ 5.OG.KTD.SR 09.F 08.B 01.,,http://www.fernsehmuseum.info/fese-kcp-40.html,"\\dtmbgw2\museumplus\Objektbilder\verknüpft\2024\1-2024-0795-000-006.JPG
\\dtmbgw2\museumplus\Objektbilder\verknüpft\2024\1-2024-0795-000-007.JPG
\\dtmbgw2\museumplus\Objektbilder\verknüpft\2024\1-2024-0795-000-000.JPG
\\dtmbgw2\museumplus\Objektbilder\ve",1975,,
